contrast 0,contrast 45,contrast 90,contrast 135,dissimilarity 0,dissimilarity 45,dissimilarity 90,dissimilarity 135,homogeneity 0,homogeneity 45,homogeneity 90,homogeneity 135,asm 0,asm 45,asm 90,asm 135,energy 0,energy 45,energy 90,energy 135,corelation 0,corelation 45,corelation 90,corelation 135,label
10905.46359299068,10907.661044719362,10912.073385627411,10907.52239600927,85.40968328561547,85.42074149405342,85.43747671670732,85.42158271947744,0.010726561918366908,0.010706496193894369,0.010737870423420413,0.010683914278044309,1.5657612873726855e-05,1.5668771888889587e-05,1.567236128915131e-05,1.5666352042466378e-05,0.003956970163360707,0.003958379957620237,0.003958833324244822,0.003958074284606894,-0.0049754383843859705,-0.005240495832108726,-0.005597997040191326,-0.0052884863792595944,Bishop
11299.220348771549,11270.366766446848,11333.69891403351,11286.978899736012,87.93474976399237,87.81690410532036,88.2367775167496,87.92264312108335,0.008936766858500422,0.0065402411798945025,0.00590779233714386,0.006435535200583198,1.739507163365744e-05,1.7255520238599463e-05,1.7459388844579995e-05,1.7323121250533543e-05,0.004170739938387125,0.004153976436933588,0.004178443351845277,0.004162105386764437,-0.033579969242782164,-0.030889310344553188,-0.036137505942935,-0.03161664964033297,Bishop
11442.04613780145,11416.512162729554,11446.955646993065,11413.72891446148,88.87119956451376,88.74508933422672,88.86558848126492,88.74311573739378,0.005615386608395837,0.0054034243882791775,0.005972025864241539,0.005449355468142922,1.775132057029558e-05,1.770255100221086e-05,1.7839660474869508e-05,1.770267044468396e-05,0.004213231606533823,0.004207439958241931,0.004223702223745124,0.004207454152416156,-0.030881690485057654,-0.02959985322516616,-0.03114669281223092,-0.02973498141193709,Bishop
10956.904032738586,10966.183614653326,10962.04965918161,10960.831290363993,85.80772724387285,85.80295465219598,85.80759112875378,85.77948610945687,0.009251228173849657,0.009171401747111951,0.009205126012348646,0.009176206788527756,1.611772455800907e-05,1.6012736646022222e-05,1.605009489312341e-05,1.600328260025625e-05,0.004014688600378498,0.0040015917640386835,0.00400625696793446,0.004000410303988361,-0.018586620107793692,-0.01743591130038364,-0.018136574785504428,-0.01683233442927811,Bishop
10943.468808089687,10942.428565463579,10925.476765521997,10942.6128147049,85.8885411120918,85.85949994531362,85.79559525317238,85.85401444532289,0.009373203530364381,0.00938184687267999,0.009419572393147436,0.009358793307312364,1.6220197536149622e-05,1.6155334284295066e-05,1.619021858398438e-05,1.613383781462749e-05,0.004027430637037666,0.00401936988647413,0.004023707069852921,0.004016694886922268,-0.02356544786358561,-0.022030009393263234,-0.020878352186827685,-0.021755092621210937,Bishop
11023.543449561234,11040.57360980076,11045.697282514097,11055.827020539953,86.41048545986578,86.43763206390517,86.52562718333486,86.50167529828285,0.007511372570140541,0.007385267402776405,0.00766674855914711,0.007469704687573096,1.667924861868527e-05,1.65705893402102e-05,1.668841347638931e-05,1.6546213113315552e-05,0.0040840235820432365,0.004070698876140337,0.004085145465756307,0.004067703665867949,-0.039262400086478876,-0.03825271353829841,-0.04261729951037307,-0.0399075306734658,Bishop
10890.394149130838,10900.94361451983,10894.728528275702,10902.870937942647,85.39216609845357,85.42915359797136,85.40733690190568,85.44147021110162,0.010742413801589655,0.010658363171118049,0.010735843370909846,0.01064873624526174,1.5696593810688514e-05,1.5671897051151998e-05,1.5683923384445544e-05,1.5675800100495553e-05,0.003961892705600256,0.003958774690627391,0.003960293345756794,0.003959267621732023,-0.005737435318751685,-0.006467748899204718,-0.006045591198162044,-0.006867918070302828,Bishop
10915.719269905578,10919.34168066071,10918.87991819424,10922.952165357174,85.55682364205487,85.5410167275063,85.55901630425022,85.55617922774726,0.009797842019197126,0.009825179695463112,0.009793105683488247,0.009830324270170328,1.589884255555045e-05,1.5816738970738854e-05,1.586353873939981e-05,1.582085890224698e-05,0.003987335270020625,0.003977026398044003,0.003982905816034294,0.0039775443306451,-0.010907314002272404,-0.00978113420814037,-0.01070195046412384,-0.010168239419608765,Bishop
10901.404808181653,10909.721978006408,10911.739486063823,10915.258483392457,85.47088224038073,85.50043435467441,85.52278995494805,85.51545037226718,0.01019722066786891,0.010156764651989237,0.010139035969297031,0.01014697786700164,1.582516569440974e-05,1.5805729657647432e-05,1.5847345347918125e-05,1.5791128471487536e-05,0.003978085682135283,0.003975642043450018,0.003980872435524419,0.003973805288572597,-0.008409258915303874,-0.00900823242795007,-0.009911697119331224,-0.00919250905215041,Bishop
11175.957419980348,11167.541584228095,11174.607630426559,11162.882018859227,87.04205025037739,87.02743101703226,87.05474218533892,87.00077853480832,0.008949128017295211,0.0091390976910079,0.009295155206877015,0.009052237368332489,1.664845354631108e-05,1.662515721845876e-05,1.6688795039206768e-05,1.6617155943017224e-05,0.004080251652326249,0.0040773958868938346,0.00408519216674158,0.0040764145941031595,-0.023216148126583055,-0.021999753542890927,-0.022911628035901327,-0.021564235102740484,Bishop
10897.940879428203,10898.58794032176,10901.084430180696,10898.492115942272,85.30190363837822,85.30596299028817,85.31520707318184,85.30413240343397,0.011464549110784253,0.011453965292756798,0.011406456066224887,0.0114521600488146,1.5469672946820054e-05,1.5467570785300192e-05,1.5473082174662785e-05,1.5466271696498352e-05,0.0039331505115899204,0.003932883266167481,0.003933583884279422,0.003932718105394582,-0.0007402996201013177,-0.0008529323532853693,-0.001025343890732477,-0.000782659163544673,Bishop
10908.47873664094,10906.91751464845,10903.707269456276,10908.01091716617,85.38052908800061,85.37716656924006,85.37152369729964,85.38129908715231,0.010856213487640666,0.010843116691637757,0.01084541688502382,0.01084093527741644,1.5571550272984382e-05,1.5578995722981832e-05,1.560212562616124e-05,1.5578047778229017e-05,0.0039460803682875465,0.003947023653714509,0.003949952610622213,0.003946903568397512,-0.003485018592160111,-0.0034637578532373163,-0.0034999147525684436,-0.0035557854551434786,Bishop
11071.946596012262,11061.58451427066,11074.693389455857,11064.989425580308,86.3603338044007,86.32501001744419,86.41570855278943,86.34203072016805,0.010130894235478449,0.008563455047610807,0.00776503990025209,0.008551131643094553,1.631596772630991e-05,1.6225380965238005e-05,1.6237230845913623e-05,1.6238825689311034e-05,0.00403930287627827,0.004028074101259559,0.004029544744250102,0.004029742633135649,-0.019331326047953394,-0.01763995996751068,-0.019644520441329756,-0.018537737749363382,Bishop
11393.769912838876,11389.026526581394,11445.340720848086,11374.850863365846,88.55654480854795,88.5881383848961,88.95561099506247,88.49054278127107,0.002653299453116243,0.002593152231954095,0.00293945287938439,0.002404037678199088,1.8962835453526986e-05,1.8978119450246925e-05,1.959558099560794e-05,1.885582489706845e-05,0.004354633790977949,0.004356388349337892,0.004426689620428333,0.004342329432121479,-0.07823604833738747,-0.07929450145774417,-0.09211711265975554,-0.07658847743454882,Bishop
10943.218835399073,10966.534901755336,10965.266903157119,10962.964162901239,85.8177813930701,85.87189349791147,85.87260655190883,85.8435964533404,0.009245822091808357,0.009141479791885098,0.009137103101321908,0.009105161604635878,1.623114571261054e-05,1.6118230375626864e-05,1.613472263204877e-05,1.6082851477136438e-05,0.004028789608878892,0.004014751595756189,0.004016805027885816,0.004010343062274902,-0.02179461770149857,-0.021417312930521685,-0.02155082906283891,-0.02035457345794795,Bishop
12264.505543130883,12181.665292868616,12386.071103760783,12170.530475077134,94.91957673131604,94.31107179588668,95.52645547741098,94.26654206779992,-0.010410539667091538,-0.01019985454657691,-0.008037396455992014,-0.010687934232089493,2.2979585781752347e-05,2.267735468359143e-05,2.3622724301631464e-05,2.257491524243587e-05,0.004793702721462017,0.004762074619700056,0.004860321419580341,0.004751306687895012,-0.1726181666299429,-0.151227261623056,-0.1739091847659736,-0.14089494676574024,Bishop
10904.16350029998,10908.945303188539,10907.617248833487,10910.477612028513,85.50358898779596,85.51500449752858,85.52177182875904,85.52813703648896,0.009966569567148822,0.009874799431255882,0.00981447591456977,0.00985918327038008,1.5867607243121308e-05,1.583533789596352e-05,1.582798442816305e-05,1.58442423101224e-05,0.00398341652895116,0.003979364006466802,0.003978439949045737,0.003980482673008689,-0.009539134473865845,-0.009611170717855248,-0.010067629477776572,-0.010077601647575707,Bishop
11958.44415207207,11869.547206562858,11920.390011463767,11857.364170038754,92.45122971033759,91.88915704159024,92.15162617436256,91.76623205480514,-0.003610684227259022,-0.003041815469083354,-0.0016259133365003463,-0.0026688173452794105,2.201722927375636e-05,2.1453583982218007e-05,2.2016084768610107e-05,2.1372147112293072e-05,0.00469225204712581,0.004631801375514499,0.004692130088628203,0.004623001958932429,-0.1070597901171462,-0.09685951066462367,-0.1032145097238665,-0.09308788702679317,Bishop
10929.20451293383,10938.874563758198,10938.16842017109,10938.748349951711,85.60112441806213,85.63920786176557,85.65688960110734,85.62783494231198,0.009869552592942133,0.009820067891027394,0.009797779021124525,0.009786655131551367,1.5855700881508626e-05,1.5862170762307992e-05,1.590674923666796e-05,1.5849154952261648e-05,0.00398192175733133,0.003982734081294907,0.003988326621111661,0.003981099716442889,-0.011822572636321485,-0.012702797062336102,-0.013662141937282997,-0.012104891330970402,Bishop
11096.976863384922,11106.23156041783,11068.559092964239,11108.320007186052,86.8758359715004,86.90014007032991,86.77049912565165,86.90215284386385,0.006536885175821241,0.006257318415233231,0.006380913988021656,0.006197475908504245,1.702459201611998e-05,1.694997212131913e-05,1.7012177308049847e-05,1.698163928364268e-05,0.00412608676788552,0.004117034384277004,0.004124582076774548,0.004120878460188153,-0.05265633700067399,-0.05137349592921632,-0.048945485290990604,-0.05115281079559764,Bishop
11371.232727926323,11332.61942347274,11347.090639702192,11346.65253557547,88.3459734847196,88.13157947798628,88.15432066654898,88.20790594316988,0.00631348831973125,0.005335557191505673,0.005736508818905425,0.005452833204354335,1.758369318360214e-05,1.7519114933743674e-05,1.767125322195885e-05,1.7526354709901884e-05,0.004193291449875878,0.004185584180702101,0.0042037189751408036,0.004186448937930795,-0.007631293598122787,-0.007729355011664046,-0.008011227428025342,-0.007968266662869209,Bishop
11011.46428794695,11016.777549927385,11002.759842903382,11019.022642777054,85.9686555488273,86.03654159121407,85.93119653077576,86.05305419652834,0.009278403297943496,0.009353113971812385,0.00989974851303095,0.009302118101775125,1.631734847970523e-05,1.6695213820832207e-05,1.6630014611766595e-05,1.670710281225848e-05,0.004039473787475942,0.004085977706844741,0.004077991492360742,0.004087432300633061,-0.0029747529340153032,-0.0021872050152780993,-0.0017739191220605488,-0.002300109009654105,Bishop
10923.807583386963,10946.895849486424,10939.483213654376,10948.54899630331,85.6142395691888,85.67770003198366,85.64511357148854,85.68262783865107,0.009967231693259592,0.009867185881870104,0.009984285406983416,0.009867964118555887,1.5913990727777498e-05,1.5865294752016856e-05,1.5870845029761347e-05,1.5862023615969997e-05,0.00398923435357933,0.003983126253587357,0.003983822916466211,0.003982715608221355,-0.012534292905212149,-0.0132786976064132,-0.01249237410256849,-0.013346745928196463,Bishop
11187.09024249493,11175.859914738294,11212.04106620415,11164.099135314777,87.21233563164726,87.15775390457975,87.39711928339376,87.07957351669302,0.007065516114122231,0.006804532824211913,0.007189841656548452,0.006694158213765668,1.682616120795443e-05,1.6732540484320858e-05,1.688587587179605e-05,1.6700838658955016e-05,0.004101970405543467,0.00409054281047404,0.004109242737025406,0.004086665958817164,-0.03008306058902557,-0.02892129386261153,-0.033365201749393586,-0.02769092592650365,Bishop
11948.10554678511,12083.909044803977,12292.575288239226,12088.151750312101,92.6657376718669,93.45105776628608,94.45920529153696,93.44819317382189,-0.009111551711462334,-0.007280150607712603,-0.004257520621354629,-0.00723930048541076,2.0988822253595296e-05,2.147780500150105e-05,2.238144868354288e-05,2.1499878504870756e-05,0.004581355940504437,0.0046344152815108244,0.004730903580030234,0.004636796146572627,-0.13218888298769044,-0.14827513209173648,-0.18746221571827557,-0.14883662699137715,Bishop
11166.421253334174,11150.858207290763,11147.84856536786,11138.768364311436,87.25326320705747,87.1286935613815,87.18207879525899,87.04493946701844,0.006061468585067615,0.005653701207851397,0.005643528277611226,0.005724493020682735,1.71927965959563e-05,1.7035406872354302e-05,1.714950881519676e-05,1.700827556160173e-05,0.004146419732245676,0.0041273971062104385,0.004141196543898486,0.004124109062767585,-0.06225760563081821,-0.0576306585003109,-0.061253102342450905,-0.054295252821838884,Bishop
12588.441985393272,12424.913721677372,12363.55647708982,12478.709257454393,96.9986737440998,95.82214960411544,95.29787490939825,96.32808706584359,-0.004857316343807615,-0.007146244115457331,-0.010019438649800285,-0.008993876846708403,2.5081122607296873e-05,2.3936711906416534e-05,2.3676031107377987e-05,2.4448900913639677e-05,0.005008105690507827,0.0048925159076304015,0.004865802205944872,0.004944582986829089,-0.1647346677016186,-0.15304338451380994,-0.152324293440365,-0.15910763332258182,Bishop
11669.057112425307,11618.996964176778,11586.90546751922,11616.918370284675,90.4834077620658,90.12418628975533,89.90140901572396,90.10473910419489,0.002824712082879482,0.0026430696089440662,0.00229175204110881,0.002879867902317672,2.110150376089585e-05,2.0409039951665176e-05,1.994547624313693e-05,2.0391673603593e-05,0.004593637312728971,0.004517636544883306,0.00446603585331969,0.004515714074605809,-0.13030481002527664,-0.11008962362415337,-0.10600725485707656,-0.11095679603298024,King
10898.942467150362,10899.9477959516,10900.173903464909,10899.902802525545,85.34451033059999,85.35723552727009,85.3589242746691,85.35689910696983,0.011037232601916103,0.010915683074159976,0.010908032827811661,0.010914119813355666,1.55805472640071e-05,1.5592666996120654e-05,1.5596752295734288e-05,1.5592180145878784e-05,0.003947220194517542,0.0039487551197967,0.003949272375480614,0.003948693473274266,-0.0024620460251445287,-0.0029043361369261527,-0.002958515993232094,-0.0028935549201010947,King
12670.312439401445,12977.018408728332,13254.426228575205,12946.215119867884,97.56701793078639,99.37184500624662,100.39481027190152,99.19021366506118,-0.012330633540300983,-0.010756707162229833,-0.008512228208492003,-0.010311467506253332,2.4567505091668083e-05,2.5333730436193345e-05,2.6149554016898607e-05,2.515176310854776e-05,0.0049565618216328225,0.005033262404861617,0.005113663463398682,0.005015153348457827,-0.184215214347555,-0.20907391981773052,-0.25104891323432693,-0.20985416964308065,King
12051.52318977687,12208.858170148213,12584.710095635013,12219.697261294388,93.54839533724476,94.59920901754867,96.84598850792453,94.63302670734235,-0.005643973658684371,-0.0072210574347255285,-0.006378223815266399,-0.00784601679545224,2.277435406466505e-05,2.3574485113965527e-05,2.523492048703747e-05,2.346008033846391e-05,0.004772248323868431,0.004855356332337054,0.005023437118849749,0.004843560708658859,-0.10857701741587475,-0.13434641480838191,-0.18149941787512539,-0.13445786006720706,King
11261.923898339975,11240.592177880791,11270.29912305886,11245.1147843076,87.66754660202176,87.60624200534616,87.80437318327033,87.6247020751849,0.009631096805508362,0.007231562736783633,0.006291193114187619,0.007305388382288591,1.7168125950563752e-05,1.705587507699672e-05,1.7085931206464335e-05,1.7056854064208296e-05,0.004143443730831125,0.004129875915447911,0.0041335131796650096,0.004129994438762393,-0.03653999520885131,-0.032746250148918944,-0.035268857784202,-0.033718705255015816,King
11769.89578795232,11615.664458442545,11465.215742771641,11609.347031887126,91.2555237446698,90.31281371972999,89.41050586529431,90.25011030153588,-0.0032572721185869583,-0.004556244323274228,-0.0011631550140582746,-0.004554556371818971,2.11784736627204e-05,2.0398806248541752e-05,2.009437816889895e-05,2.037209163706955e-05,0.004602007568737844,0.004516503763813527,0.0044826753361021975,0.004513545351170136,-0.06935776071259832,-0.05913864360671667,-0.05218836394738034,-0.05852685817685725,King
11003.319091902396,11005.054374798578,10987.721107529658,11001.098211766863,86.24523422815153,86.21753444256575,86.19747795243147,86.20631305998712,0.008209392101889746,0.007978799830138564,0.008076332118183304,0.007929218800759424,1.6498352591740923e-05,1.6459249215514022e-05,1.6572906018194324e-05,1.646332767048769e-05,0.004061816415317281,0.004057000026560762,0.0040709834215081646,0.004057502639615616,-0.03345958632736994,-0.031753188390187564,-0.03297335744896138,-0.03159916476525623,King
11080.09948196803,11090.711674478594,11085.39583934604,11088.31171878956,86.9172472092515,86.88077191627042,86.96997838930986,86.8723349522961,0.0066970936961257685,0.006366147245213465,0.006737316883450479,0.006397450390960808,1.71143302303535e-05,1.6996946659309012e-05,1.7213654727945904e-05,1.6993885992647807e-05,0.0041369469697294286,0.004122735337043722,0.004148934167704508,0.004122364126644783,-0.05788494072438404,-0.054283963060795797,-0.06055857528883856,-0.05405502801937066,King
10934.290546892678,10957.778569542654,10958.106853678202,10957.743597913943,85.88356204049512,85.97026312846823,86.01686624628698,85.95997247471863,0.008630115825639915,0.008697558392271425,0.008870575938390078,0.00854991481289239,1.6259915071923554e-05,1.6261066452088995e-05,1.6381687767037754e-05,1.6242670837734397e-05,0.004032358499925764,0.004032501264982938,0.0040474297729593475,0.00403021970092629,-0.024370436948581507,-0.02601714333218482,-0.02859643931031457,-0.025525391171811962,King
10977.504697345257,10972.534581565158,10967.79450423503,10975.246581736294,85.96304900045756,85.88066448445056,85.85845733187618,85.89509790131277,0.009180656660800033,0.009157336764196044,0.009185345136877274,0.009135602786276918,1.6341321415322534e-05,1.6195528989318634e-05,1.6214937053667205e-05,1.6203414556245584e-05,0.004042440032371851,0.004024366905404952,0.0040267775023791925,0.004025346513810406,-0.024462774392622108,-0.020429682367164262,-0.019844507001812936,-0.02087419594078991,King
11014.582195374585,11020.380942480399,10999.682439816495,11025.124787494316,86.34000731654747,86.33633198375068,86.29736494624582,86.34574664051233,0.008285925207035276,0.008268890574122905,0.008459180862628202,0.008290182048372582,1.657403811157291e-05,1.6530063556479157e-05,1.66440737906071e-05,1.651722429517282e-05,0.004071122463347536,0.00406571808620312,0.00407971491535954,0.004064138813472396,-0.0358938064625639,-0.03473791739734315,-0.03598395085206849,-0.03469362729967465,King
11712.619304131578,11589.79903625382,11419.099989594331,11579.300143813834,90.96462962619505,90.16013573749277,89.1612404514122,90.06107579409624,-0.002751851741345901,-0.004278505343647966,-0.0010827380397125759,-0.004337506625999885,2.1114896627122966e-05,2.0417575768104765e-05,2.0212349971243533e-05,2.041391081233469e-05,0.004595094844192333,0.004518581167590637,0.004495814717183476,0.0045181756066287075,-0.057602303746175434,-0.05243974321927432,-0.045340313725555845,-0.05164607620237535,King
11317.630682147857,11327.452590643863,11409.621424397677,11340.090347486303,88.29601101968203,88.29658331424865,88.81998149861602,88.38227862824152,-0.0006387938590528376,0.00038930993418865385,0.001728690640311978,0.00016269002043563225,1.8782135078986703e-05,1.8809898162631656e-05,1.947837145415157e-05,1.888524481961553e-05,0.004333836069694688,0.004337037948027624,0.004413430803145277,0.0043457156855477245,-0.05183676040313296,-0.04864604562367565,-0.05828285215883998,-0.05051919069230914,King
11730.334505099032,11698.601835102369,11726.183802166135,11682.879477098119,90.8819718860111,90.67188649279461,90.65398482519312,90.58128810285625,0.001410471383070007,0.0009640541805041099,0.0005970314178144891,0.0003994066317020222,2.0066934767080442e-05,1.993492957456125e-05,1.9913301984543333e-05,1.9825759326225192e-05,0.004479613238559825,0.004464854933204577,0.004462432294673313,0.004452612640487065,-0.047524279183773846,-0.04730991253787504,-0.049578934443487196,-0.04629114949932018,King
11345.9484191251,11445.514568080525,11483.048840608375,11439.457561210185,88.43249881295816,89.01732936728585,89.24098733774659,88.98213793331311,-0.0019838856825468805,0.0008628028248782176,0.0030070001437299985,0.0006129244847007161,1.8574343679381543e-05,1.9182872563636874e-05,1.9717755853991418e-05,1.9138879038781156e-05,0.00430979624569208,0.0043798256316475515,0.004440467976913179,0.0043748004570244295,-0.06742134227377394,-0.07526688199686943,-0.08174414143049606,-0.07494837075551028,King
11347.036334206385,11312.188104567544,11348.625329432081,11325.261369668964,88.22944662013053,88.05231740418198,88.25626327043479,88.13100655482043,0.006700475397893202,0.006218703555931468,0.006546548985867412,0.006325085179338443,1.743086757176882e-05,1.7266296831856644e-05,1.7359845499157054e-05,1.7309001067049647e-05,0.004175029050410167,0.0041552733763083076,0.004166514790464214,0.004160408762014815,-0.03322119618011046,-0.03038893502442576,-0.033746122673684396,-0.03159275599353361,King
10914.173740131504,10928.50366030206,10938.130174857448,10925.889283338254,85.53690733967065,85.59291742678732,85.6272783956852,85.57882097238654,0.01022826911837858,0.010001103318335224,0.010069636311473633,0.010042259363812603,1.5880476952281032e-05,1.58449515978825e-05,1.584343810942727e-05,1.5842300337507755e-05,0.003985031612456924,0.003980571767709069,0.00398038165373966,0.003980238728708085,-0.01057880050285544,-0.011684647346335184,-0.012353947767948296,-0.01127673204754936,King
10906.312775924629,10934.043242763442,10929.705831652844,10933.276677534177,85.56952493955023,85.67185729543088,85.6675622624471,85.66653480524774,0.009888153357156457,0.009635516798305729,0.009686690750153947,0.00971988772001102,1.5961019822190007e-05,1.5911142512961187e-05,1.5942603234991165e-05,1.5910965661286325e-05,0.003995124506469105,0.003988877349952138,0.003992818958454185,0.003988855181789172,-0.012661538722243723,-0.014686410438719995,-0.014952681853077347,-0.014535708214499224,King
11061.10623320546,11066.416456392844,11091.604421513539,11065.439637966123,86.31700349819853,86.34899941406725,86.49573892043747,86.34133042724191,0.007755363828943102,0.008076009800762124,0.008716377422912027,0.008079533122257287,1.661278876133069e-05,1.6679916332675924e-05,1.6841260583424003e-05,1.6681461982114996e-05,0.004075878894340543,0.004084105328303363,0.004103810495554589,0.0040842945513411485,-0.018514243020727853,-0.018413056311564275,-0.020544485069101597,-0.018371602842469054,King
10984.453695532628,11000.47604731471,11007.419219190795,11000.019822258319,85.77911505508564,85.88508413169309,85.92946987957552,85.88209407743712,0.009818659617835112,0.009847843215674449,0.009908322156192011,0.009883413779543923,1.6140966624003413e-05,1.6327045916754995e-05,1.6438794347187095e-05,1.6329848678842052e-05,0.004017582186340861,0.004040673943385558,0.004054478307647865,0.004041020747143233,-0.004980682384259276,-0.005293921101639516,-0.005572251537115496,-0.005301442850077917,King
12416.24783931109,12311.555776461562,12496.390115817518,12261.454903510818,95.83416812708211,95.11408996102288,96.16469551020394,94.81007126563931,-0.009105532795650538,-0.008918398929776725,-0.005666046699948822,-0.008712939506341307,2.4269829367837158e-05,2.364113718977146e-05,2.4647323185825906e-05,2.3398778858495116e-05,0.004926441856739726,0.004862215255392491,0.004964607052509383,0.004837228427363661,-0.20373518024132192,-0.1759007161311566,-0.20094657884132763,-0.16476985967261443,King
12397.548279385535,12168.14742291449,12120.488347018356,12150.86954643549,96.26903420499805,94.70411539056684,94.20341924675031,94.61754100796665,-0.0003187737407659636,-0.008744985904956606,-0.014127050380796154,-0.008263487421867322,2.479320966223827e-05,2.3425585303314442e-05,2.251601759912347e-05,2.3400061575423853e-05,0.004979278026204027,0.004839998481747121,0.004745104593064675,0.004837361013551072,-0.12557147448220116,-0.10466488593058558,-0.10891970842023771,-0.1024175919603199,King
11413.274939071602,11515.372094001708,11591.457869448643,11506.649948778208,88.79833510744542,89.34740145234205,89.60534314521404,89.29928677853842,0.0025311219072706196,0.0039387145017673675,0.0052069440524049665,0.00397742362976589,1.800509455004174e-05,1.8340197953785895e-05,1.8648926331420836e-05,1.8349086609813295e-05,0.004243241043122785,0.004282545732830637,0.00431844026604755,0.004283583384248904,-0.02715249875188197,-0.033132493302963695,-0.037242444191282344,-0.032376399953842123,King
12438.12888382646,12260.349586038137,12359.631646652688,12253.77064200873,95.06045399049783,94.26531224242602,94.60848424108109,94.20625603647598,-0.0016283464033316796,-0.003511341168178574,-0.002538540812830004,-0.0031961566324644774,2.3947961714257045e-05,2.292341666132177e-05,2.3617305389827082e-05,2.2846946987557555e-05,0.004893665468159531,0.004787840500823077,0.004859763923260788,0.004779848008834335,-0.1603651718417524,-0.13600792956798882,-0.148769733400813,-0.13427144632820756,King
12933.479031962255,12777.393235569769,12822.118390771162,12784.252141112296,98.48208789956624,98.02301515600938,98.25207283088591,98.06315443774038,-0.00589947894632686,-0.00809596701394439,-0.0061494129336553275,-0.008210384407808559,2.3677390853316675e-05,2.3447139746267246e-05,2.3570917266842217e-05,2.3450438212078113e-05,0.004865941928683148,0.0048422246691234025,0.00485498890491443,0.004842565251194672,-0.12208499785541478,-0.11125523402647101,-0.10839921438938972,-0.11112280435989956,King
12240.963903907632,12130.390357766093,12264.837703018517,12190.8382804047,94.31027453818722,93.73516105356777,94.53510613312878,94.17313701434443,-0.012508524431072272,-0.012869826962809031,-0.012033811221323467,-0.01449070986422316,2.3380699690781777e-05,2.235953252947845e-05,2.369876922765194e-05,2.2754668311566463e-05,0.004835359313513503,0.004728586737015453,0.0048681381685046635,0.004770185354005279,-0.15855738120516744,-0.135807808531744,-0.1615288735561496,-0.14640941264875598,King
11270.411435758264,11268.948703698425,11284.589914613505,11266.679338147622,87.51169863903029,87.50162768359627,87.52545101465121,87.48731195535835,0.005975078274492658,0.006220642472339876,0.006569900160703263,0.006203465991896352,1.7786195674525254e-05,1.7926057102438437e-05,1.8280838332829877e-05,1.7917067880864207e-05,0.004217368335173637,0.004233917465236945,0.004275609703051703,0.004232855759515579,-0.017352011572823782,-0.01725034514231606,-0.017468169649609885,-0.017088408516074717,King
11457.765170588895,11403.22638025507,11433.1067805238,11394.141345374699,89.21821820651586,88.80574307723386,89.00146994831184,88.78041878886975,-5.414573816767097e-05,-0.0019111592806589283,-0.0022050505422509525,-0.0018164571762116924,1.9453622662956577e-05,1.88832868935417e-05,1.9017990961762485e-05,1.8916331847807334e-05,0.004410626107816959,0.00434549040886546,0.00436096216009294,0.004349290959203274,-0.09532607686468093,-0.07999547279798488,-0.08146626080867296,-0.07729684999901819,King
12054.176484591328,12058.94860952475,12238.633323985421,12002.274531284522,93.24075983315217,93.34052905751557,94.37094577573436,92.93971446862012,-0.006735209244573409,-0.005655973329646842,-0.0029188019374142924,-0.0054178691695497255,2.1962874530097205e-05,2.1916145349475702e-05,2.28324655256173e-05,2.1654092160223144e-05,0.004686456500395283,0.004681468289914576,0.00477833292327118,0.004653395766558347,-0.1083000821228919,-0.1069484027081583,-0.12356963867882266,-0.10014075381513328,King
11786.08737852573,11746.602284100567,11904.875603686167,11837.500432061066,91.50136960021291,91.25584745124632,92.11054599131137,91.81943676489013,-0.001789965055906063,-0.0019121881693899016,-0.0005798770499566589,-0.0006027606578149084,1.9945702469475892e-05,1.9738065692463493e-05,2.0134218962888122e-05,2.0053720144305207e-05,0.004466061180668699,0.004442754291254862,0.004487116999019317,0.004478138022024914,-0.03941823656247141,-0.03549553963635112,-0.043334359567232264,-0.03992892520013375,King
12568.352330972724,12412.05199051563,12634.868140778173,12425.328141772716,96.89195414163164,95.91352550222608,97.28234687467611,96.03225233321596,-0.01137798088603297,-0.011505584724914636,-0.009073275270712793,-0.01198087238894967,2.4387624834392735e-05,2.3784082076109016e-05,2.4813530169740552e-05,2.381910496186417e-05,0.004938382815699157,0.0048768926660435145,0.004981318115693933,0.004880482041956938,-0.19181994131429558,-0.16437757635051203,-0.1937807808325161,-0.161692108949511,King
10991.721186729024,11001.973474245387,10997.991377750926,11001.289035231252,85.81839849135685,85.882408794584,85.86216965328931,85.88089035060867,0.009802731313695462,0.009910081473418209,0.010015724357168803,0.009909250268137637,1.6248075514575263e-05,1.6362547325340805e-05,1.6369376823872475e-05,1.634794250829337e-05,0.004030890164042586,0.004045064563803748,0.004045908652437975,0.004043258897015299,-0.005830449577365957,-0.0059386456673009595,-0.00571690763210098,-0.005798376068365782,Knight
11190.344720891844,11204.390073164894,11259.517588842022,11200.597929280355,87.80639668855007,87.76404096023096,88.1539019826039,87.75216755210758,0.003981861073177745,0.003289843049585055,0.0033048022248739254,0.003128242054648609,1.7859731573895768e-05,1.7621782048804096e-05,1.7880193269763957e-05,1.763088498355616e-05,0.004226077563639334,0.004197830636031436,0.004228497755676826,0.004198914738781458,-0.08102289109733003,-0.0748809535384713,-0.08843313092063075,-0.07479161370874401,Knight
12005.816261708049,11919.775288381958,12126.720326204313,11975.834161423789,92.57134567050703,92.14931115688535,93.21597109097554,92.43434658968629,-0.0018714133159459612,-0.002591622958147333,-0.0010321266660183273,-0.0022986855943240778,2.1840513654382785e-05,2.1403931039814152e-05,2.262778479312603e-05,2.1725137155635695e-05,0.004673383533841705,0.004626438267156944,0.00475686711955737,0.004661023187631198,-0.12850380308623174,-0.11929189804783667,-0.1465447369240358,-0.12292998537039239,Knight
11048.922862337084,11088.9056730529,11052.150303985414,11062.919247758351,86.9904911907,87.03956003515968,86.99713171953684,86.95782804445533,0.00613695482507637,0.005547347550060745,0.006006972075226629,0.005538594083712647,1.7610854648733165e-05,1.7394688173738345e-05,1.7634267834072403e-05,1.7436244207945624e-05,0.004196528880960212,0.004170693967883324,0.004199317543848334,0.004175672904807754,-0.06271390379838719,-0.05893933346466531,-0.06289371554485375,-0.0580484526013058,Knight
10898.534445921247,10906.887102577162,10898.313900342715,10902.074253732366,85.41016618045202,85.46598951560406,85.43112817403815,85.44366279351419,0.01086871503442621,0.010486004701122787,0.010583622100091896,0.010616808025856466,1.571574068853075e-05,1.5738850450189083e-05,1.5753214856553234e-05,1.573963297002025e-05,0.003964308349325358,0.003967222006667774,0.003969031979784647,0.003967320628588046,-0.004572069279263695,-0.005918518533312994,-0.0052202040427738764,-0.005453232548119889,Knight
11007.436051387285,11006.58715793673,10997.932993335739,11012.00318657442,86.32976778178315,86.26303981988096,86.26806741502757,86.29867499670138,0.007792539008269595,0.0077538255862416115,0.00787473979130258,0.007706567973751368,1.6607185566377e-05,1.6497600766532094e-05,1.657649995524286e-05,1.6508328604084558e-05,0.004075191476038519,0.004061723866356759,0.004071424806531844,0.004063044253276668,-0.037841500541595144,-0.03444983699815882,-0.03582767974718084,-0.03566805908587,Knight
10911.609948714635,10912.908622994182,10906.206403497654,10911.36541314398,85.46030651815819,85.46796652791889,85.44727370989166,85.45781606793753,0.010594060009123295,0.01059224159242091,0.010635342192659207,0.010625547446892768,1.5780463298549432e-05,1.577656594570785e-05,1.5806644251821536e-05,1.5771731435517834e-05,0.003972463127399603,0.003971972550976133,0.0039757570664996035,0.0039713639263504715,-0.006249408570084303,-0.006457867426190504,-0.006169481283815827,-0.006086455123681036,Knight
12292.560677271544,12582.273756354589,12927.616639938646,12492.23833578937,95.2974617295179,97.25929455775302,99.3064355503109,96.65837255336889,-0.011298494458941348,-0.011696421036709101,-0.009478136516164332,-0.011778208502499353,2.3652999922575333e-05,2.4989923864635355e-05,2.649579541352239e-05,2.4653136228879305e-05,0.004863434992119801,0.004998992284914566,0.005147406668752955,0.004965192466448738,-0.13865309977983775,-0.18552232358440493,-0.24224416193186762,-0.18069808552962566,Knight
11300.63220915841,11273.501358759899,11308.507268860089,11288.15690867444,88.2751134586393,88.03435045961841,88.34767512962144,88.15114481582535,0.0037361785896588636,0.003606458797561856,0.004389826452708876,0.003740482687845324,1.800025497675198e-05,1.7779823904240385e-05,1.812130332885555e-05,1.787944032395098e-05,0.004242670736311266,0.0042166128473266765,0.00425691241733437,0.004228408722433415,-0.09449248202789473,-0.08351381135655123,-0.09893911618873523,-0.08870707068066128,Knight
11999.461955827604,11935.594416007503,12047.7880391575,11891.942265368292,92.6503634323644,92.31158075061921,92.86896093980755,92.078351461894,-0.0003710315150896095,-0.0014406630967362948,-0.0005448899668881361,-0.0018184150056252118,2.0904976833549082e-05,2.067920809859014e-05,2.1024952584642413e-05,2.0536412552862584e-05,0.004572196062457195,0.004547439730066815,0.004585297436878268,0.004531711878844747,-0.05877995887357946,-0.05548076082480067,-0.06193946404092027,-0.052397430116889056,Knight
10985.720300405044,11009.99985080473,11002.563538474304,11012.03417290479,86.26087516497797,86.28949492715986,86.30763613673251,86.31282387291017,0.007697740647128535,0.007620201880946974,0.007678017986139981,0.007636211523594547,1.667163143512525e-05,1.6518784956411655e-05,1.664519267703239e-05,1.654727095358064e-05,0.004083090916833135,0.004064330812865957,0.004079852041071146,0.004067833692960006,-0.03737325026632466,-0.03572180805256334,-0.037548557107422595,-0.036634374649380706,Knight
10902.07893024581,10914.444031532918,10911.576916436747,10914.072452685949,85.4585382818705,85.49801953065088,85.487953416581,85.4933587062627,0.01047310045506624,0.010376471364945431,0.010354459417142272,0.01036260539168048,1.578009696876241e-05,1.574303268566758e-05,1.575127806193477e-05,1.5726356880936653e-05,0.003972417018486656,0.003967749070400947,0.0039687879839989905,0.003965647094855599,-0.007817136526197244,-0.0084800226001661,-0.008275352507601674,-0.008288994515861901,Knight
10936.772040115222,10960.720953557891,10958.71982246934,10966.758980819337,85.89837715423681,86.0028511251296,86.02866702994909,86.01574705456345,0.007707665374706384,0.007714726743606012,0.007898276444440515,0.007732805954403537,1.634069965563529e-05,1.638047028801756e-05,1.6477585482818126e-05,1.634692260538298e-05,0.0040423631276315704,0.00404727936866453,0.004059259228334417,0.004043132771179173,-0.024085167768534192,-0.02647465022101979,-0.027837118599620504,-0.026342639115905953,Knight
10950.985414327419,10970.233558888343,10986.540264794876,10984.26427778115,86.09396296392985,86.07504360002996,86.14496516882679,86.1212033397212,0.007497221622418258,0.00759123941170091,0.007551250366908066,0.00751312126087503,1.6622129890164638e-05,1.6413038121520396e-05,1.643806490553049e-05,1.6404689957742402e-05,0.0040770246369337335,0.004051300793759999,0.00405438835159269,0.004050270356129626,-0.03192319597058705,-0.0291500350360528,-0.03072782469959916,-0.02975378424736454,Knight
10979.198061060786,10981.929558845992,10954.661210621565,10980.976763996849,86.116173192333,86.09942359512529,86.01430473718356,86.1026806778134,0.008702289653620564,0.008658008486774792,0.00877561414962509,0.008663110256814372,1.638406522372121e-05,1.6314915519867755e-05,1.637464741546948e-05,1.6320792322914865e-05,0.00404772346186362,0.004039172628134103,0.004046559948335065,0.004039900038728046,-0.03015996389752195,-0.028724635630571677,-0.02766977318510078,-0.02903221956477683,Knight
12279.368795144808,12249.418996832823,12312.870696142596,12267.847455186948,94.45867475705772,94.18318011644608,94.22710702576857,94.30911683804186,-0.001718203568957639,-0.0031385954219045374,-0.0014552424732740918,-0.0028341374764095256,2.1180664469830216e-05,2.1018555450738272e-05,2.1352158816746322e-05,2.1085089286118665e-05,0.004602245589908281,0.004584599813586598,0.0046208396224870565,0.004591850311815343,-0.04706595609761331,-0.04720644833753131,-0.047343843196805055,-0.047983630943246154,Knight
12286.32235581956,12237.999627687708,12469.795039845782,12202.869062129237,95.21558063402368,94.79259594324508,96.21122477300669,94.60774236437445,-0.012186580591254038,-0.011200332793775044,-0.00834403502650122,-0.011768787624551925,2.3172688726703904e-05,2.2845073644013826e-05,2.3890373821722915e-05,2.2803055973149067e-05,0.004813801899403828,0.004779652042148448,0.004887778004545922,0.004775254545377562,-0.17530491493160347,-0.15476327739840784,-0.18284978331193774,-0.14877909225010605,Knight
11363.418881580865,11357.265092445452,11395.097415257036,11370.012815454176,88.97940410054946,88.89699903787442,89.31904431787666,88.98207353618,0.0016979783756994968,0.0012171923854084896,0.0019803192615455026,0.0013111934788551127,1.8753189536041157e-05,1.8614545206928186e-05,1.9239923659870922e-05,1.8727458585318918e-05,0.004330495299159342,0.004314457695577532,0.004386333737857953,0.0043275233777899935,-0.11019835579715599,-0.105741518033164,-0.13086785991934552,-0.10908714947136154,Knight
11520.451743604877,11547.39676260162,11591.769889928693,11488.192366468937,89.76714426282346,89.91984075854975,90.29586931558707,89.51884872681778,0.002314164033821631,0.001974984452061931,0.0025197910432629665,0.0014455504075656354,1.917982125717867e-05,1.921991458997682e-05,1.9637186497705986e-05,1.8883846717758348e-05,0.004379477281272123,0.004384052302376971,0.0044313865209103555,0.004345554822776759,-0.13793274226051938,-0.1392620350675158,-0.1600610471066727,-0.12235539876971951,Knight
11072.008249066992,11055.873736876776,11061.576298376882,11064.623360229503,86.67863813330133,86.4839066029205,86.56726097921822,86.56310134677413,0.007519313571623365,0.007288472065755754,0.007376024883086622,0.007362850200545504,1.687305575671299e-05,1.6587663343062485e-05,1.6692097613211678e-05,1.667597969760409e-05,0.004107682528715308,0.004072795519426735,0.004085596359555319,0.004083623354033044,-0.047710205763681963,-0.039387650611651684,-0.04325263423030197,-0.04252822959397263,Knight
12055.704092399505,12080.005921046706,12275.475192413376,12041.565284217873,93.3604147301647,93.60946530842409,94.7677670697113,93.30008461677986,-0.00689812980085831,-0.00803031839471832,-0.006648096589569128,-0.008476189236031684,2.1846732575489885e-05,2.1937409166877213e-05,2.2747648392786966e-05,2.1656712448968918e-05,0.004674048841795503,0.0046837388021619235,0.004769449485295653,0.004653677303914499,-0.0791224011883328,-0.08081906550010629,-0.09438887064446123,-0.07794151939017174,Knight
10940.912425663726,10957.11789581177,10950.3385831955,10961.718113966852,85.53900761891153,85.63371380697616,85.58090950395055,85.66436404400551,0.010544715777726265,0.010212503185538931,0.010463514985240252,0.010146434890163628,1.592296798440839e-05,1.595968606745638e-05,1.5985713264829263e-05,1.5940296327429893e-05,0.003990359380357663,0.003994957580182345,0.003998213759271665,0.003992530065939377,-0.005409081460691009,-0.006547226870438772,-0.006549828406343992,-0.006692674247090171,Knight
11608.66216199215,11617.034854372316,11740.328918627685,11622.24150170499,90.23955659002598,90.30694487042331,91.07741309233151,90.34864596573703,-0.0040055299866043875,-0.0025191405082499413,-0.0012863274638325783,-0.003435439101171418,1.9882546684462738e-05,2.0090667751063772e-05,2.0917372815387967e-05,2.0071086572491707e-05,0.004458984938801962,0.004482261455009488,0.00457355144448906,0.004480076625738862,-0.09279140627826214,-0.08854112807611002,-0.10287843942102204,-0.08959492614603808,Knight
11099.99895020543,11100.07272228424,11077.819166172583,11101.421172008388,86.93697747708111,86.79005682324,86.70925586973348,86.81801784168606,0.0072541620794937915,0.007116981734706391,0.007178054980935559,0.0071132661915220404,1.715887522963443e-05,1.687306366812196e-05,1.6880752524047953e-05,1.6898018178603665e-05,0.004142327272154438,0.004107683491716707,0.004108619296557902,0.004110719910016209,-0.05834597591802768,-0.04941740013974664,-0.048055691688078876,-0.05097537058534463,Knight
11003.557251674893,11003.13029033477,10989.949925423463,11011.040029162416,86.14704244345974,86.09819357647459,86.09382182568329,86.13693182562716,0.008771547239049887,0.008677532856153745,0.00867770295654614,0.0086174578830105,1.6344522260718458e-05,1.6234624795897525e-05,1.632710077761411e-05,1.6248781497969535e-05,0.004042835918104822,0.00402922136347676,0.004040680731957687,0.004030977734739989,-0.030044818480006064,-0.027463924645629374,-0.028902566381893098,-0.028559499071661592,Knight
12145.08031953151,12128.151468556181,12319.933731871373,12029.844827612404,94.21311092785191,94.04562877948838,95.11049966560871,93.33107628991529,-0.010942948457119635,-0.010320548141108905,-0.00726653423459331,-0.01031403932538338,2.284561693331285e-05,2.2652199929780464e-05,2.3604655259007705e-05,2.2247284893208246e-05,0.004779708875372312,0.0047594327319314495,0.004858462231921506,0.0047167027565035565,-0.16312744016870984,-0.15042635516383893,-0.17545332304045322,-0.1340636794853323,Knight
12583.65437528262,12667.637387654408,12828.50719228424,12598.050495560716,97.08890805105898,97.50587567590753,98.25966997955624,97.13934259619924,-0.006756193403363363,-0.01133166623042846,-0.00883345464881725,-0.010884869095983598,2.439697663955416e-05,2.4257857474253347e-05,2.5125228037047488e-05,2.4136467321904434e-05,0.00493932957389504,0.004925226641917441,0.005012507160797627,0.004912887880046158,-0.16631952938908826,-0.1652804676557285,-0.19077678113272215,-0.15761145129907134,Knight
11247.23254458787,11318.297510887127,11388.48574303892,11322.914834909878,87.97227680877448,88.33556312506501,88.79300089530979,88.300113535012,0.0017952965118632513,0.001374946264586573,0.0017062963458621403,0.0014160087127546735,1.8711980494433265e-05,1.880031814726189e-05,1.9321696947881338e-05,1.8652679958625097e-05,0.004325734676841989,0.004335933365177778,0.00439564522543407,0.004318874848687457,-0.07358782254431928,-0.07909603614866169,-0.0938619201474689,-0.07688997247447973,Knight
10941.224084915808,10954.032514996572,10931.617644147518,10957.458653032685,85.963216098061,85.96397953502051,85.92136744550024,86.00096926109009,0.008202095922767482,0.008468234835126464,0.00857161384603412,0.008442807157460812,1.6382714251819632e-05,1.6270663162092587e-05,1.6392572026499134e-05,1.632473575384885e-05,0.004047556577963999,0.004033691009744374,0.00404877413873621,0.004040388069709251,-0.027379291906679877,-0.026023088472759633,-0.026779959353551354,-0.027616489797700636,Knight
11737.501892215874,11744.979455192115,11805.202009373194,11739.205945542348,91.11345807769769,91.06558550938398,91.27170163139914,91.04610300930953,-0.0015803939942056003,-0.002180180550130546,-0.0017700333848349743,-0.0019550372759347535,2.095408893097006e-05,2.076825261211394e-05,2.116613560041347e-05,2.0715982947722468e-05,0.004577563645758523,0.004557219833639139,0.00460066686475053,0.004551481401447496,-0.128905391478069,-0.12209820504367204,-0.13370294361920712,-0.11907489303486087,Knight
10952.242204740036,10959.193616420102,10941.272825723145,10957.440184122606,85.78792179848297,85.79567662000296,85.73999441443094,85.78041308850023,0.009664231306624407,0.009578946932539715,0.009567691288440972,0.00954211799838392,1.6044666529262448e-05,1.6017971377993015e-05,1.60552012771068e-05,1.599713472544783e-05,0.004005579424910016,0.004002245791801525,0.004006894218357504,0.003999641824644781,-0.01796175503093929,-0.01756978008941077,-0.016734179975455704,-0.01692031682152137,Knight
11127.086836082526,11127.50591713309,11150.36488599727,11127.869510048191,86.78420478366617,86.80329105642129,86.94449828509937,86.80090261035396,0.006036903252153432,0.005989967721269913,0.006566871616703402,0.0060169745275191165,1.6940738902951144e-05,1.709297527339523e-05,1.725117281377811e-05,1.7094320868206567e-05,0.00411591288816359,0.004134365159658158,0.004153453119246455,0.0041345278893976,-0.03308585934995617,-0.03388605282436723,-0.038545963331657516,-0.03373956432126381,Knight
11483.892586959826,11524.699553159968,11567.67400790542,11524.486973980127,89.03022941222943,89.28294962570538,89.28292572756305,89.26529514238565,0.005649911097217438,0.006258856660135091,0.007780054673014342,0.006327945671269355,1.8405373423157543e-05,1.8585707179178273e-05,1.900280232300035e-05,1.8567069900433068e-05,0.004290148415050177,0.004311114377881695,0.0043592203801827165,0.004308952297303031,-0.023521577326713963,-0.025121855271072822,-0.024292216918213233,-0.02502968986758816,Pawn
11380.17755950598,11362.509593064251,11424.902782677513,11370.899694843609,88.4726250396752,88.4594413141881,88.86003570794465,88.49852508630383,0.0085120747323028,0.004966562267794322,0.003977061023205027,0.004984759829534615,1.7938932235836513e-05,1.7830225959701657e-05,1.800030495663438e-05,1.7830840908339733e-05,0.004235437667565952,0.0042225852223136545,0.004242676626451088,0.004222658038290542,-0.031071622903006156,-0.027176944935025347,-0.029601659712328008,-0.027982067853130923,Pawn
11149.030588597976,11124.47319531308,11119.840885964612,11120.414811217106,87.40220554512868,87.12690417351683,87.09407924384107,87.10155037400841,0.005618095386816211,0.005302407439544888,0.00527343557339141,0.005360435129347714,1.7562718025300616e-05,1.7275182891503242e-05,1.7235294846089547e-05,1.725930284919784e-05,0.0041907896660773394,0.004156342489678063,0.004151541261518371,0.004154431711943024,-0.07148477834360839,-0.059462389580286205,-0.05871562662912843,-0.05878182237910553,Pawn
11063.146226267354,11071.862249989606,11066.195359328392,11074.218311090728,86.76992326002213,86.8162327191887,86.96018996856554,86.84051487920888,0.005590455356713261,0.005400709789360166,0.005626348253081287,0.005327596847532489,1.7043103811535705e-05,1.7079979589299085e-05,1.7417485183979272e-05,1.7081206734641465e-05,0.004128329421392594,0.004132793194596009,0.004173426072662516,0.004132941656331658,-0.05141482338880927,-0.0517015149660574,-0.05976264945372196,-0.052473457858729804,Pawn
10900.63620980507,10900.719949920562,10897.169434776268,10900.803171287831,85.34907279859473,85.35640562248398,85.34458661977214,85.35681175551736,0.011056036111459683,0.01094664789274124,0.01094393289736967,0.010945850236745847,1.5570863505866818e-05,1.5581008548178365e-05,1.5591810741178433e-05,1.55811329111376e-05,0.003945993348431649,0.003947278625607567,0.0039486466974367855,0.003947294378575989,-0.002518613700813018,-0.002784417251637329,-0.002565875235755298,-0.0027945137525314735,Pawn
11921.437978277927,11910.241505492888,12076.26306976225,11893.496103434234,92.59446258969787,92.50871247484417,93.40479078028892,92.30073271478932,-0.009399169390500216,-0.008911420161134035,-0.006889108105704335,-0.009305823522696927,2.1534428048060034e-05,2.1441509989031532e-05,2.2246799503518375e-05,2.1352267166510874e-05,0.00464052023463534,0.00463049781222619,0.00471665130187916,0.004620851346506493,-0.13429180613692346,-0.12330341362274057,-0.1451512673994865,-0.11995296250087392,Pawn
10902.504365522398,10909.985279404826,10911.362850323349,10908.672853097047,85.33283840348955,85.3560551296192,85.35880671855452,85.35186037849407,0.011243106414754204,0.011222435028781633,0.011219333226709692,0.011229395520842697,1.551923373559304e-05,1.5496185831064623e-05,1.5485982314349286e-05,1.5495434850010722e-05,0.003939445866564616,0.003936519507263317,0.003935223286466638,0.003936424119681557,-0.0018882974575849915,-0.0022733915167214296,-0.002269483040231007,-0.002200392985298035,Pawn
11695.788094940328,11765.758387114696,11928.72668493067,11747.295528208648,91.01717364445,91.42365183667022,92.3716689394269,91.28933343837303,-0.006616451486535787,-0.005426359298944721,-0.003065838256683842,-0.005524175471389591,2.0382631328492887e-05,2.06444051964629e-05,2.1420373930981765e-05,2.0523627453277825e-05,0.004514712762567834,0.004543611470676482,0.004628214983228606,0.0045303010334058185,-0.1289173775601855,-0.12555485970581598,-0.1514574837337714,-0.12052229663972895,Pawn
11370.248131310733,11333.90815604069,11359.905332412589,11330.738454861066,88.73918990754377,88.47915140454441,88.73010183588181,88.46658120956216,0.004054327440748836,0.0035300955465095694,0.0037883443055656443,0.003436274134753454,1.8235334694813498e-05,1.8089663679068095e-05,1.8392152686364657e-05,1.8092825060541798e-05,0.004270285083552794,0.004253194526361108,0.004288607313145452,0.0042535661580069255,-0.10537504790254656,-0.09493109229344505,-0.10738091282326488,-0.09499746929947143,Pawn
10908.30809460485,10908.387569825652,10906.604298980934,10912.206471766081,85.42870131428619,85.42625364298121,85.41889359992992,85.43818610979025,0.010757031809323319,0.010729038405131949,0.010791200520429993,0.010737982997806782,1.5646027509466085e-05,1.5641711324563272e-05,1.565328509716575e-05,1.5635535056961697e-05,0.0039555059738883075,0.003954960344246611,0.003956423270728974,0.003954179441674555,-0.005797990011438021,-0.005640431658569231,-0.005485956139149839,-0.005855622678438886,Pawn
10923.089808330444,10923.412626325682,10919.566393067582,10924.68394218007,85.46522493864784,85.44834760912225,85.4479652482439,85.45849069368174,0.010666214687693245,0.010673737916593548,0.010651612371103179,0.01065714471265213,1.5642778953956026e-05,1.559836357110273e-05,1.5630256691369916e-05,1.560697479393124e-05,0.003955095315407206,0.0039494763666975815,0.003953511944002435,0.003950566389004397,-0.006154017692826535,-0.005302598405328304,-0.005659208468266817,-0.005666591928551091,Pawn
11020.01598668261,11005.187914968077,11001.715603433257,11017.747521200985,86.37776228316993,86.26707484664946,86.31861630997993,86.35349636666601,0.0074364618038990455,0.007840740299764499,0.0075358119176411375,0.007666071128973554,1.666628547748299e-05,1.657409407894007e-05,1.6660744734940048e-05,1.6619505902460977e-05,0.004082436218421911,0.00407112933704397,0.004081757554649719,0.004076702822436408,-0.03741109680971592,-0.033181836770197266,-0.036185073358781426,-0.03591945263011811,Pawn
11205.228914420617,11157.301401907514,11170.405309946045,11162.417369670038,87.68283818954067,87.31432295490437,87.45734574080059,87.35454375857466,0.005595669511665867,0.005051781142145848,0.005369633617379873,0.004938992432465252,1.763556183971357e-05,1.734061515950779e-05,1.7539929728583972e-05,1.735887033286116e-05,0.004199471614347878,0.004164206426140254,0.004188069928807776,0.004166397764599674,-0.07183455633514471,-0.05935062998640252,-0.06624209784729293,-0.06040412831889607,Pawn
12048.776460493697,11990.672773099303,12139.376981545009,11977.665394524398,93.12422674908008,92.81062005958785,93.53823512510594,92.72797439788336,0.001175209239506741,-0.0017095098489112817,0.00014822350764204212,-0.0009014515399384107,2.190184085773585e-05,2.16511747161553e-05,2.2275021897047238e-05,2.1632017764794947e-05,0.0046799402621973555,0.004653082281257801,0.0047196421365445955,0.004651023302972685,-0.08398174425967277,-0.0795510937335892,-0.09283013376761477,-0.07969976468850357,Pawn
11013.408133064102,11023.644229130887,11007.315200114072,11008.48639005952,86.2454317293619,86.23520627845129,86.19634275324046,86.16431674914459,0.008157126011636623,0.008134348198268557,0.008247176504178406,0.008188217785168973,1.6597293588552944e-05,1.6518239454813434e-05,1.660331748036658e-05,1.6479472285826247e-05,0.004073977612672037,0.004064263703896861,0.004074716858919965,0.004059491628988321,-0.033781956227361326,-0.03152871376431563,-0.03168462288896882,-0.029619019576663276,Pawn
11160.050092688223,11142.068825092074,11156.765695373178,11144.627830551894,86.99931226009626,86.90863263432219,87.00243481775813,86.9241899351698,0.004339700431271333,0.004318078233992197,0.004318770598409207,0.0038378752421644804,1.7309885669098695e-05,1.7222145591340855e-05,1.7316070771237125e-05,1.704980980986388e-05,0.004160515072571988,0.004149957299941874,0.004161258315850762,0.004129141534249447,-0.041952029657897794,-0.038049148985351756,-0.04187903443730847,-0.03860890569040402,Pawn
10990.920335928071,11011.3386740382,11019.74834213437,11022.811639444328,86.24320480458273,86.29949489344764,86.37259057772644,86.32759524186187,0.007845665575309364,0.0075292352559155895,0.007660201990765392,0.0076094912090892645,1.6605014029363735e-05,1.6504963546187957e-05,1.652384206300448e-05,1.646624547409547e-05,0.004074925033588193,0.004062630126677539,0.004064952898005644,0.00405786218027368,-0.03483503600817022,-0.03508817024597405,-0.038121034860638336,-0.035211944116890555,Pawn
10898.946589537145,10899.050183741232,10900.194790501126,10899.050183741232,85.30916122460297,85.31071914797016,85.31068045961415,85.31071914797016,0.011444420849613996,0.011406697520336085,0.011440666056726534,0.011406697520336085,1.547600092838868e-05,1.547601125873266e-05,1.5482287977497648e-05,1.547601125873266e-05,0.003933954871168285,0.003933956184139912,0.003934753864919336,0.003933956184139912,-0.0009852437277162055,-0.00102837045580278,-0.000938277721277724,-0.00102837045580278,Pawn
10898.900269166219,10901.618666706785,10897.946813940776,10901.304747047123,85.32803953120022,85.34055330996647,85.32447310952963,85.33832443484509,0.011306963520553874,0.011284080824692086,0.011337128796270104,0.011287377030661861,1.5522108772960194e-05,1.5521229164135164e-05,1.5526788586159555e-05,1.5519911009328957e-05,0.003939810753444916,0.003939699121016117,0.003940404622137117,0.003939531826160179,-0.00195111593988789,-0.002275648763107171,-0.00187804899685264,-0.0022046690512058185,Pawn
11005.675291435957,11018.510059869022,10987.701367366883,11016.03285995543,86.21967857842627,86.24057311248842,86.16648552968647,86.23002093087112,0.008269691741667785,0.008284327503040952,0.008323398874169852,0.008341884207855983,1.6470591301887526e-05,1.6393811234232666e-05,1.6524860574834934e-05,1.6393825747023012e-05,0.004058397627375554,0.004048927170774088,0.004065078175734747,0.004048928962950945,-0.03321969096957837,-0.032744831616974265,-0.03277572781339594,-0.03240134548553993,Pawn
10981.201655687191,10993.193044604232,10991.070951310534,10993.467362591677,85.76652171715386,85.83521464657866,85.82853604858111,85.83711496939392,0.010112936323916216,0.010199930866997482,0.010246501394868216,0.010160765886866773,1.6188648728278902e-05,1.631371144442058e-05,1.633317863951771e-05,1.631080101670604e-05,0.004023511989329583,0.004039023575620793,0.00404143274588576,0.004038663271022485,-0.005889999693953118,-0.0062650779598123875,-0.006160825924682336,-0.006331920721512407,Pawn
11442.625846088224,11406.627740368367,11464.78930047042,11406.013871648607,88.86731290019674,88.69200809637377,89.03298444689878,88.69120835152108,0.0014171937418878413,0.0010441125296646407,0.0011294014196254023,0.0011686516653904048,1.93963357041201e-05,1.89295086169342e-05,1.9283354793368524e-05,1.8901877003443954e-05,0.0044041271217030165,0.004350805513572653,0.004391281680030162,0.004347628894402552,-0.08281559151481796,-0.07858155767333608,-0.09131958078781896,-0.07820511972618167,Pawn
10929.331593127568,10929.056747060327,10928.904053356733,10929.056747060327,85.37863757896646,85.3773062989886,85.37654887763055,85.3773062989886,0.011718037541925966,0.011716965002023344,0.011716935277024727,0.011716965002023344,1.5375869897680965e-05,1.5369173550627182e-05,1.536624192405215e-05,1.5369173550627182e-05,0.003921207709071398,0.003920353753250743,0.0039199798371996955,0.003920353753250743,-0.0013030443382032854,-0.0012461953890012469,-0.0012143237114659374,-0.0012461953890012469,Pawn
10985.423806765973,11010.667341964732,11003.479771321883,11002.34422488438,86.04947050015997,86.12294111863261,86.10775167240897,86.07044895846376,0.008738363685720472,0.008614558730904004,0.008630292787483304,0.008657869854431547,1.6361413599218694e-05,1.630213905999985e-05,1.636405858053969e-05,1.6296361052716758e-05,0.004044924424413724,0.004037590749444506,0.0040452513618488145,0.004036875159416842,-0.027798817096101026,-0.028335792998227055,-0.028445452920255614,-0.026479293328552103,Pawn
11608.468556657492,11651.902804841024,11810.500747192416,11656.854524879907,90.25257628744275,90.55489114296176,91.5305472219859,90.58292437186918,-0.00196472587081466,-0.0017895251772283057,-0.00041685286139047647,-0.0019600217048406777,1.9584210793414337e-05,1.976884759011598e-05,2.0588554520329628e-05,1.9805136937791297e-05,0.004425405155848935,0.00444621722255177,0.004537461241744069,0.0044502962752822756,-0.1315969340552126,-0.13728603197524064,-0.17689352901656313,-0.13939097072450318,Pawn
11859.87203436769,11891.739843208366,12082.014546255183,11886.697950637546,92.22852515598083,92.20983672173764,93.3056074223127,92.19936454459382,-0.0029491757861290443,-0.00400107710609803,-0.0032721621233607217,-0.003918775621095128,2.1425293097810507e-05,2.095337248310683e-05,2.1515947480550557e-05,2.0992763164141042e-05,0.0046287463851252975,0.004577485388628437,0.004638528590032679,0.004581786023390992,-0.14887902285399504,-0.14445285602318605,-0.17885365375406106,-0.1458707944318324,Pawn
11026.474938448691,11041.401531624646,11025.492204498922,11043.670521611875,86.55248016967789,86.58204041127544,86.61332090487169,86.59987513448942,0.00656855830523218,0.006498262742288717,0.0065261797910432595,0.0064644506320318245,1.693369103827958e-05,1.6842877829986638e-05,1.704154745722048e-05,1.6847793182450798e-05,0.004115056626375824,0.004104007532886196,0.004128140920223107,0.004104606337086518,-0.04656109711385675,-0.04577579962796358,-0.04962176436093429,-0.046385862738385,Pawn
10930.766800378124,10958.347451607373,10935.689858144839,10956.513399469153,85.79292822668229,85.8819288293899,85.81508119154765,85.87633257866091,0.008980571565266458,0.009000640311223728,0.009091317014404104,0.00895325787171174,1.618869453765492e-05,1.6127380666343675e-05,1.6195625555331578e-05,1.611648807099531e-05,0.004023517682035823,0.004015891017737369,0.004024378903052194,0.0040145346020423476,-0.02084585595390299,-0.02228553452888184,-0.021439814012932285,-0.02209954636528396,Pawn
11019.832356811003,11012.765274822024,11036.691209610386,11023.72040092617,86.0769153307355,86.015953752807,86.17282192827317,86.09521505757944,0.008234465360286106,0.008233307832945954,0.00805591026216495,0.007901786053610523,1.6275477883707743e-05,1.617457707702779e-05,1.6244947153553303e-05,1.6189559997396745e-05,0.0040342877789899595,0.004021762931480147,0.004030502096954336,0.00402362523073369,-0.009905352444858389,-0.009035219326929581,-0.01069739994857208,-0.009494482833798347,Pawn
11227.974123447699,11224.962624334057,11249.296684446279,11229.846141220154,87.78634793865139,87.76674730643043,88.01823024137569,87.78466157271764,0.004057694925622468,0.004035403103421305,0.004394207114043133,0.0038162788794529304,1.7695564298341706e-05,1.7666554536463718e-05,1.8032101633090852e-05,1.7696530852187784e-05,0.004206609596615986,0.00420316006552971,0.00424642221559407,0.004206724480185003,-0.07700961875689286,-0.07452692362359065,-0.08544071665854865,-0.07443071171348634,Pawn
12786.064500907252,12759.658447264588,12892.279204383605,12684.140065810052,97.62327687110209,97.68127265099422,97.94825100801725,97.20419992276541,-0.007523414874963138,-0.00890276717794199,-0.006846126558972226,-0.009936372925710497,2.366251493292538e-05,2.3615725216797998e-05,2.4141093588412015e-05,2.342043277162298e-05,0.004864413112897112,0.004859601343402358,0.004913358687131646,0.004839466165975642,-0.1619893034776007,-0.15404800387023473,-0.17840010162016465,-0.15018084348895833,Pawn
11878.628210996842,11965.689662947363,12024.759526187838,11894.568349069144,92.01427376942264,92.48806061760405,92.73062550104446,92.04545533777618,-0.0028908153624523807,-0.004006261059290418,-0.004093124102872203,-0.0035587593637437286,2.1791190204767896e-05,2.169081941600007e-05,2.208790174428436e-05,2.1649781071412804e-05,0.00466810349122295,0.004657340380088197,0.004699776776005894,0.0046529325238405085,-0.08817816762055848,-0.09263826147766416,-0.10205776436799624,-0.09112204650962982,Pawn
11922.135381127187,12086.10272195928,12163.5430076486,12100.724203831034,92.21752218014356,93.16287900894933,93.43254647886388,93.24227807797187,-0.0053244093398268424,-0.004394288591232486,-0.004361213079788011,-0.004571275812721031,2.102104286595355e-05,2.1915186892243353e-05,2.289282761509867e-05,2.1955276574199783e-05,0.004584871084987402,0.004681365921634769,0.004784644983183044,0.004685645801188965,-0.11533907913511238,-0.13346605350299875,-0.15185755402298923,-0.13510290619045132,Pawn
10894.990738023082,10905.92460583115,10894.151872254608,10907.372918247851,85.52628977755737,85.59329344042699,85.55329059214937,85.59486390660516,0.010305415454898438,0.01018219674767249,0.010331153255825737,0.010215539689320144,1.5935195983156267e-05,1.5946887294990665e-05,1.598263085894586e-05,1.5945937440203575e-05,0.003991891278974951,0.003993355393023599,0.003997828267815647,0.003993236461844399,-0.011146690133134496,-0.012867906681259924,-0.012363874969183812,-0.012777489506185095,Pawn
12053.680822690656,11997.56176363197,12084.766354498557,11989.140905645914,93.71266887808319,93.13306589404552,93.55858168299906,93.08722494999967,-0.007830681972535614,-0.008969394774339116,-0.005706190224291705,-0.008909742577530548,2.3119620047729476e-05,2.251176875423991e-05,2.315003157408693e-05,2.2519264998619937e-05,0.004808286602078694,0.004744656863698355,0.0048114479706307675,0.00474544676491265,-0.12676203255472024,-0.12194377466686768,-0.13680036799660164,-0.11895123098146819,Pawn
10945.450585104343,10943.398976701295,10925.703173268681,10951.659308780138,85.84055897387857,85.83402960826318,85.78364458912452,85.83948871453875,0.009194508792005729,0.009189567141255359,0.009228468747079976,0.009046485184084574,1.611553566633534e-05,1.6116091903000448e-05,1.6177652341652672e-05,1.6067793650565908e-05,0.004014415980729369,0.004014485260030288,0.004022145241242871,0.0040084652487661545,-0.02122922897937615,-0.02118206945750628,-0.020697733747690437,-0.020487434195346352,Pawn
11036.178864565538,11023.510167169323,11024.363873079135,11025.507496181359,86.16997526247295,86.10617377964415,86.12092029265793,86.11676172788029,0.00900774857228322,0.00879308261312536,0.008858232422102656,0.008787323920609373,1.6358942700332843e-05,1.628502887806087e-05,1.633786654165353e-05,1.6285896334990697e-05,0.0040446189808599825,0.004035471332826052,0.004042012684499336,0.0040355788104051065,-0.02848756394189824,-0.02609973103490145,-0.027398897317275517,-0.02640563021162186,Pawn
10991.393703365653,10991.894140000139,10972.720905871425,10992.619897543746,86.15477711171475,86.09606427583385,86.00589453954566,86.09328143174082,0.008773889777736603,0.0084730639285111,0.008537923634925363,0.008484062775927606,1.6477291368375897e-05,1.632598067987966e-05,1.6296494065214773e-05,1.632657223909432e-05,0.0040592230005723874,0.004040542126977476,0.004036891634068813,0.004040615329265374,-0.03212828377829543,-0.028815335754301154,-0.02636769849131359,-0.02859743626786488,Queen
11994.503900670019,12122.053144030147,12463.448033928333,12133.658230664501,93.11280318191042,93.93736166969862,95.98288117926207,93.99351074586693,-0.004530983965039153,-0.005935127506464692,-0.005243977132055736,-0.006403971426291692,2.2443983215893154e-05,2.318068304111371e-05,2.480620377247764e-05,2.308816042079836e-05,0.004737508123042446,0.004814632181290042,0.004980582673992837,0.004805014091633693,-0.10252219769481728,-0.1261314209855092,-0.16872156039991193,-0.1260003757377959,Queen
12660.787435944412,12969.848015826092,13219.595388829568,12932.218526021434,97.43006824115305,99.29138004552794,100.14094527661581,99.0629460977949,-0.0113161689325374,-0.010549785140351474,-0.008100788901028893,-0.010101650866533723,2.4463507193811485e-05,2.5380387612662854e-05,2.614996709889565e-05,2.5171919829215285e-05,0.004946059764480357,0.005037895156974077,0.005113703853264838,0.005017162527685872,-0.18645469804103149,-0.21283777250196623,-0.25040985012334255,-0.21107772196461386,Queen
10904.85462596263,10919.959884575142,10916.131362398399,10918.535739349816,85.37855304314648,85.42288265354347,85.40964974136747,85.41895250623395,0.010941706675098738,0.01091769296942711,0.010917212096488285,0.010916289539535473,1.5604037822760642e-05,1.5564330771154636e-05,1.556740651307093e-05,1.556675519349859e-05,0.003950194656312603,0.003945165493506532,0.003945555285770424,0.0039454727465157565,-0.0038043707259996402,-0.004479120171930927,-0.004210213277464441,-0.004427318768801684,Queen
11019.256178174084,11004.045372084307,10996.178159906003,11004.194898054073,86.41577851364784,86.24110767047117,86.15252216808753,86.24289662903216,0.007588136509172936,0.0074287709859536715,0.007430247239659963,0.007441432331906576,1.675868935966496e-05,1.6535101550316523e-05,1.6391051259878164e-05,1.652624708314104e-05,0.004093737822536387,0.00406633760899369,0.00404858632856929,0.004065248711105022,-0.0406423657187353,-0.03318472880295787,-0.029808597033893804,-0.03326924069586159,Queen
11058.216810101712,11059.754312175131,11059.104430786183,11057.098455151636,86.63293705989737,86.54862807866837,86.58189557160772,86.5371738871997,0.0075230296655842115,0.007331457328093896,0.007323654060819706,0.0073101472167462715,1.6846365764072876e-05,1.6665383575984852e-05,1.6734919545330653e-05,1.6672724728009903e-05,0.004104432453345149,0.004082325755740819,0.0040908336002984345,0.004083224795184549,-0.0473375729304594,-0.04242376911559671,-0.04420740418425247,-0.042027836618222576,Queen
10915.252076995017,10935.117397026916,10939.98153902746,10936.770168350275,85.57113735113292,85.63271976252774,85.67464957642048,85.64153861801103,0.009769761582829216,0.009729666262825194,0.009667972041263646,0.009709509837033729,1.590158029608328e-05,1.5843784633061514e-05,1.5895380980034798e-05,1.5852842283610978e-05,0.003987678559774255,0.003980425182447412,0.003986901175102638,0.0039815627941313415,-0.01172609964441726,-0.012741979289868371,-0.014298619348619326,-0.01298015542979791,Queen
10947.134823951346,10970.239050838994,10992.873852405452,10968.718735618282,85.97229587996183,86.08040518239245,86.26046885209063,86.0675850207734,0.008044746833618938,0.008124275170918113,0.008188573256111166,0.008006010301030398,1.6361223319838118e-05,1.641834610487574e-05,1.6600664650066494e-05,1.6402772744307775e-05,0.0040449009035868995,0.004051955836984868,0.0040743913226476535,0.004050033671996787,-0.02660641920430069,-0.029456817671970337,-0.036187790613797816,-0.029053594599596593,Queen
10906.551264637987,10925.397471919427,10926.89444172991,10919.661181666848,85.56101407382043,85.61235725003154,85.64379275914142,85.60074032004916,0.009625244618504936,0.009619948686113204,0.009603657883991739,0.009629874102361666,1.5962639101582647e-05,1.590076154961855e-05,1.5966291808165863e-05,1.5915624485723965e-05,0.003995327158266598,0.003987575898916351,0.003995784254456922,0.003989439119190061,-0.011979084976199445,-0.012649773657683317,-0.014060990494741165,-0.012666965213126245,Queen
11059.228351324487,11096.403506940984,11094.936575057069,11084.454806667492,86.74099594214532,86.80232875642565,86.8758337044004,86.75248543211563,0.006583640189257362,0.006298821091590123,0.006265294059119152,0.006347355480931857,1.6986784728137542e-05,1.6783620916179114e-05,1.687638586778948e-05,1.6764936810947126e-05,0.004121502726935594,0.004096781775513448,0.004108087860281165,0.004094500801190192,-0.050799260929733255,-0.04963716991039649,-0.053756781269608325,-0.04841249298304049,Queen
10911.578478441601,10909.242558803548,10904.39591353514,10908.501739448038,85.39108777351318,85.38132456585957,85.36895532513243,85.37903322170996,0.010927298225635694,0.01091941229217225,0.010925111611428867,0.010921803238337031,1.5573302704116677e-05,1.5578395874630242e-05,1.5599288442650018e-05,1.5575748489588566e-05,0.003946302409106109,0.003946947665555023,0.003949593452831572,0.0039466122801193135,-0.0037002587318918445,-0.003446560151331815,-0.003319085970437859,-0.0034095492873747386,Queen
10935.619060933417,10953.990978246928,10943.04252035969,10950.036022977327,85.72639507734998,85.78037161374965,85.77417816720171,85.75879150031102,0.009218150502342978,0.009166746344803842,0.009222015191605542,0.00920629509222769,1.605610831069384e-05,1.6009780347292733e-05,1.6091227383880583e-05,1.6001099592951522e-05,0.004007007400878346,0.004001222356642122,0.004011387214403589,0.004000137446757489,-0.017060924468393444,-0.017710115436812987,-0.018574093523637567,-0.017087914192113227,Queen
11440.827269844072,11412.65920866675,11425.430660985361,11412.913870475439,88.86214310170804,88.71809967828965,88.74765367944305,88.72118527039497,0.005157601706434218,0.005370647127770553,0.006080809381850531,0.005461175506899118,1.779561146085557e-05,1.7759013649816954e-05,1.7853248577234243e-05,1.7756108061599065e-05,0.004218484498117253,0.004214144474245864,0.004225310471105554,0.004213799717784302,-0.028711448764034392,-0.027003888342641696,-0.026539996497905574,-0.026772286907919322,Queen
12298.219315059392,12186.976138072843,12363.333882703417,12157.102677945373,95.13338102215577,94.41871694065489,95.43363574509112,94.17585917090365,-0.010062402040685228,-0.010461843107285247,-0.007956496435821341,-0.010365839781156946,2.3167983686940413e-05,2.2791016389927277e-05,2.3735808667703142e-05,2.260745365761428e-05,0.004813313171500522,0.004773993756796009,0.004871940954866258,0.004754729609306325,-0.17333572576319542,-0.14748414210209546,-0.17119366456351182,-0.13989786221769138,Queen
10949.142114949964,10961.487860042642,10968.96007140023,10961.90453921726,85.79503188805631,85.78783736963706,85.82087738757815,85.78911337788296,0.009555318275914708,0.009405470187901327,0.009392128629543785,0.009402746065831604,1.6104478221132928e-05,1.5977646174084434e-05,1.5983588521507087e-05,1.5980404983795898e-05,0.004013038527242534,0.00399720479511426,0.0039979480388703265,0.003997549872583943,-0.01918145087396,-0.01743672939409828,-0.0183293358702464,-0.017451066465964657,Queen
10895.999747930347,10897.863351847978,10897.61449624646,10898.664136079204,85.35585978935028,85.37491810655375,85.37040389625098,85.37752350277206,0.01099129757715363,0.01074238646630275,0.010759584643396002,0.010761956382229803,1.5624691876065186e-05,1.5633613734371857e-05,1.5628790420540936e-05,1.5631938385745197e-05,0.003952808100080901,0.003953936485879845,0.003953326500624624,0.0039537246218907555,-0.003306282870467366,-0.00390807880834718,-0.003728301362850495,-0.003959740233921527,Queen
11715.905651351828,11594.486347982782,11420.42954186836,11582.59300277552,90.99790552689319,90.17554431564521,89.16891627072776,90.07588099909482,-0.0031054855291544822,-0.004613091009109931,-0.001357895217158593,-0.004685189487401944,2.117172913104585e-05,2.041205564180968e-05,2.0188059334128374e-05,2.042417408004127e-05,0.0046012747289252195,0.004517970301120812,0.004493112432838552,0.00451931123956309,-0.05883998459415255,-0.05366584987810091,-0.04647063024265814,-0.05294375797888759,Queen
10907.105700930832,10905.197982149117,10903.656051785818,10903.90833355852,85.3469866131325,85.34133812807187,85.33808124462243,85.33635400232436,0.011155191829830347,0.011141398522284572,0.011147634024373954,0.01114443160484759,1.5510807076101702e-05,1.55112491546853e-05,1.551975380234683e-05,1.5514442719571e-05,0.003938376197889392,0.003938432321963309,0.003939511873614145,0.003938837737146708,-0.0020778079497293382,-0.0019822303286043475,-0.0019719514952180744,-0.0018677684169372845,Queen
10910.737625495507,10918.832543028528,10916.034002737317,10917.82661029761,85.50351738072982,85.51111859127242,85.52197264415639,85.50806744770378,0.010066892038106155,0.01008701717919631,0.010050923079326169,0.010088232768062654,1.5828703734497544e-05,1.5760675041713145e-05,1.580408773413565e-05,1.5766586728662943e-05,0.003978530348570631,0.0039699716676209595,0.003975435540181182,0.003970716148084996,-0.008956960314516807,-0.008516050139588451,-0.00932705975990285,-0.008491523722373613,Queen
12366.607356937217,12153.65868538683,12166.78654426149,12231.870960235658,95.52532969372118,94.16850228795415,94.21729510984895,94.66735472238534,-0.007177706092101291,-0.009822294746250277,-0.004895439446025543,-0.008905422626920968,2.4223828443719717e-05,2.2957630569961532e-05,2.312845759932969e-05,2.3386303400952002e-05,0.004921770864609578,0.004791412168657747,0.004809205506040441,0.004835938730065963,-0.14591079535761176,-0.12412055591573881,-0.1265733205382885,-0.12756892417703286,Queen
10897.38978129848,10900.628553167657,10902.665690662225,10900.637306676384,85.31875303548492,85.33595390770539,85.34396846737549,85.33546140759867,0.011362069687105915,0.011258129355706477,0.01122183701475453,0.01125918585866042,1.5531697660096954e-05,1.5534559687459695e-05,1.553602269743552e-05,1.5532918010873746e-05,0.003941027487863661,0.003941390577887415,0.003941576169178457,0.00394118231129616,-0.0016487651151744411,-0.00211144531291425,-0.002273643750898597,-0.002089250183931768,Queen
11748.80046956706,11596.14853790982,11462.866505761665,11590.450429466984,91.10606807352038,90.1932147612379,89.39686322529052,90.13751027678846,-0.002867280458694452,-0.00419512788969627,-0.0008366824358291166,-0.004093354517235317,2.1047709397131563e-05,2.0277588191613944e-05,2.0020492184641633e-05,2.0269775354161113e-05,0.004587778263727614,0.0045030643112900295,0.00447442646432385,0.004502196725395405,-0.06731057555758432,-0.05754470273773146,-0.05207323801890955,-0.0569854935806644,Queen
10913.608417281894,10914.766287985296,10914.396353354656,10914.737902229488,85.32505154095239,85.32872537251637,85.32755386950446,85.3286355493208,0.011719595975802164,0.011718513206697425,0.01171881535030215,0.011718535071938135,1.537475036030879e-05,1.5370032087635382e-05,1.537150837432693e-05,1.5370144279548975e-05,0.003921064952319559,0.003920463249111689,0.0039206515242146845,0.00392047755758772,-0.0004837310362140134,-0.0005494843380616242,-0.0005285827837543983,-0.0005478837278612781,Queen
12484.47018343122,12877.975365542741,13189.831910495875,12834.411190324181,96.35295789371158,98.70212468561792,99.9488639151988,98.4200976020899,-0.010524527186874563,-0.009827117178711306,-0.0073424998665435545,-0.008975666384957552,2.410202456105073e-05,2.532796338017026e-05,2.6363877357661485e-05,2.5162660885452955e-05,0.0049093812808795705,0.005032689477821005,0.00513457664833835,0.0050162397157086655,-0.17779422351270505,-0.22047684857686084,-0.2689858039632213,-0.21957390246969558,Rook
12185.412841428351,12473.826721658083,12838.252860097205,12428.550076864372,94.53674652355703,96.37658761379312,98.43659324248931,96.07558011927549,-0.009310777286149556,-0.009959502273750944,-0.00869279445909884,-0.010162557174257798,2.3358079300646757e-05,2.4497160872044872e-05,2.6001057338459197e-05,2.4273342218683045e-05,0.004833019687591471,0.004949460664763876,0.0050991231931047905,0.0049267983740643425,-0.13457494832523142,-0.1797391050103581,-0.23733711568554766,-0.17758298268016298,Rook
11994.10942979116,12005.581839114364,12194.539160429145,11938.3692103645,93.18366658895529,93.12605935346544,94.18254073969398,92.67426249986131,-0.010150599250817653,-0.009550134800734486,-0.0063224678773275405,-0.009026323039871645,2.1984238123058135e-05,2.1961912352577176e-05,2.2799371077163154e-05,2.1598572622775608e-05,0.004688735237039743,0.004686353844149754,0.004774868697374112,0.004647426451572484,-0.15118225055588477,-0.1363064661047608,-0.1589353129950496,-0.12677612372810199,Rook
12024.155870905839,12016.740348720608,12235.479994338646,11998.696348370238,93.32242320847263,93.25370047337856,94.47191938702619,93.04375897913631,-0.009698562842860933,-0.00907456843044831,-0.0068339620480715145,-0.009238858504156119,2.2129633821970665e-05,2.208491916854692e-05,2.3023209817819473e-05,2.189454578880777e-05,0.004704214474486752,0.004699459454931697,0.0047982507039357036,0.004679160799631465,-0.15666212201246588,-0.1460413528207115,-0.17391430687467538,-0.13718445173224814,Rook
10910.290852918513,10915.666950117098,10908.742131799198,10918.513144787878,85.47696321442456,85.49338757247196,85.4770658709132,85.5023512243432,0.010589795637089675,0.010507910062420769,0.010539166455253766,0.010519584132843056,1.573048459330421e-05,1.571893627198308e-05,1.574495799986583e-05,1.571646041713458e-05,0.003966167494358276,0.003964711373099318,0.00396799168344212,0.003964399124348428,-0.007874614652496122,-0.008097857466107028,-0.008008872526899599,-0.008256059991794166,Rook
11042.11872400969,11141.631826842384,11185.383945908046,11144.644720020762,86.73577548413066,87.12930003452543,87.44337515143906,87.16760838465585,0.005156521750361525,0.0048319807199838595,0.004890414873712208,0.004884227080024316,1.7217053859482278e-05,1.7116768420180893e-05,1.7296409577289383e-05,1.7148480875092322e-05,0.004149343786610394,0.004137241643919399,0.004158895235190397,0.004141072430553747,-0.04952898623212299,-0.05676735787957012,-0.06668577876617846,-0.05809813431037539,Rook
11317.064976763637,11285.940587488793,11311.727070088062,11289.715911404128,88.44119586758951,88.14443025250054,88.27299875094631,88.16330937985288,0.004585730408085791,0.0041927267248204215,0.004161542395944571,0.004070424889929287,1.8070980719759026e-05,1.7741652437878915e-05,1.7768227201296002e-05,1.7742147731828365e-05,0.004250997614649887,0.004212084096724437,0.004215237502359268,0.004212142890718258,-0.10202952543893856,-0.08770858942743111,-0.09254051656944198,-0.08812909459196876,Rook
11210.23359324172,11216.100244831017,11172.86435687257,11214.897372430329,87.91636647588089,87.84759404691066,87.64919323384025,87.83426445165173,0.004522308414173035,0.003691202994181321,0.0035158338725504537,0.0037257397559706212,1.8004342652381335e-05,1.7784974759502215e-05,1.772659678499905e-05,1.7765033467095106e-05,0.004243152442745999,0.00421722358424381,0.004210296519842641,0.004214858653275944,-0.08678875614447465,-0.08108070971130973,-0.07756835366909465,-0.08056821275834632,Rook
10903.14212081719,10907.130191381459,10904.448857701478,10906.079186015455,85.45784717068695,85.4897620208587,85.47836580845508,85.48293345184007,0.010418905974376938,0.010280991067719236,0.010334589081153863,0.010314024717149615,1.579859550093254e-05,1.581433820608459e-05,1.582563282075927e-05,1.5809806549539352e-05,0.003974744708900502,0.0039767245574825255,0.003978144394156561,0.003976154744164184,-0.0055693848311801535,-0.0064057623160743695,-0.0061977409026154,-0.006242211407012982,Rook
11558.603886752866,11540.713552573587,11583.59777090954,11546.872388585936,89.68898308533993,89.58690203831594,89.75339712605732,89.63730248008827,0.0037615462689141186,0.004067789011159354,0.004857345133645985,0.004184950169211196,1.8318649847323885e-05,1.8260940982318962e-05,1.8456371783137012e-05,1.8285673691435996e-05,0.004280029187671958,0.0042732822259147546,0.004296087962686171,0.004276175124037367,-0.03175551503650286,-0.03054714557178832,-0.03245904268266029,-0.030681790968340724,Rook
10914.109883041967,10917.32246607604,10916.99843193243,10917.043490248476,85.47653958300594,85.49870419372812,85.50014917336212,85.49825174717887,0.01038715914898954,0.010359385018440734,0.010447791249460523,0.010352926695832449,1.577026738225146e-05,1.57991677987831e-05,1.5818073444568268e-05,1.5795261670534443e-05,0.003971179595819291,0.003974816700023172,0.003977194167320508,0.00397432531010415,-0.005795546088394578,-0.006386353996415174,-0.006480822025483294,-0.006372840531615152,Rook
10903.487669838898,10908.031308196405,10911.805747522927,10910.46272071309,85.36361331672983,85.37350629078001,85.38198282516232,85.38375835788676,0.01098848691408831,0.010982685191704663,0.010978793511089848,0.010989493476774677,1.5584245725100795e-05,1.555579527032258e-05,1.5530398199262242e-05,1.5552214608773084e-05,0.003947688656049359,0.0039440835780092925,0.003940862621211534,0.00394362962368084,-0.0032420745212869283,-0.0032678757401124964,-0.0033013807049119756,-0.0035297264998606463,Rook
11686.324164661153,11708.175550698554,11908.841342306347,11707.226056830446,90.77777997989519,90.9812535667656,92.24663274195846,90.98102147392883,-0.0017840751907363978,-0.0015319825211684345,-0.00012877770906279454,-0.0017915195140592551,1.9683179022042387e-05,1.9742482331573104e-05,2.0474168533494822e-05,1.9727295521056613e-05,0.004436572891550683,0.004443251324376453,0.004524839061612559,0.004441542020633894,-0.13435062512065105,-0.13397836475801725,-0.1791986897106494,-0.13677183579116656,Rook
11030.401094121116,11027.28397679313,11010.4240719056,11028.413052033382,86.33294380048417,86.29366669795287,86.31069725777273,86.30812818120532,0.008132316774854287,0.007739534604362743,0.007784361160978542,0.0077393079421136995,1.648281671449412e-05,1.6420947208570885e-05,1.6582362752483066e-05,1.643571599937648e-05,0.004059903535121754,0.004052276793183171,0.004072144736190385,0.004054098666704657,-0.035602246136378676,-0.0338989227725211,-0.036827413469521286,-0.03442672491501797,Rook
11328.275814401915,11349.557521483877,11403.035255414488,11326.836955304456,88.31731495283431,88.50035923961768,88.86787733933862,88.34442352247441,0.0031293495937347437,0.002601347355000873,0.0023365572485907144,0.002574672427643239,1.7919410231235262e-05,1.798729825856396e-05,1.8295050835504707e-05,1.7897725946115905e-05,0.004233132437242575,0.004241143508367049,0.004277271424109616,0.004230570404344537,-0.0838597842491556,-0.0893113800950197,-0.10328372138901973,-0.08360554863825718,Rook
12401.51666215156,12408.82849271426,12647.785070156497,12365.469015446426,95.71494841608312,95.7030615816236,96.97052729826748,95.41497231544594,-0.006731608013103135,-0.008550651098828535,-0.00787656695442763,-0.008774307481275008,2.3676216003168438e-05,2.3184061653696993e-05,2.364521472589024e-05,2.300883429153295e-05,0.004865821205425497,0.004814983037737204,0.004862634545787935,0.004796752473448359,-0.15697567603685855,-0.14876093269649152,-0.18044009778443398,-0.14733360441277893,Rook
11188.528480224972,11195.913416175894,11186.042739417731,11211.331322632654,87.57819547458686,87.60731995291344,87.69969338806762,87.6833513785029,0.004911141432287534,0.004945037116067353,0.0050410212963766425,0.004900369274886791,1.769210058603762e-05,1.7633557187317534e-05,1.7894774253928672e-05,1.7633347591495187e-05,0.004206197877660729,0.00419923292844271,0.004230221537216305,0.00419920797192699,-0.07489076851493999,-0.07382155786370147,-0.08164448453895219,-0.07640936617142512,Rook
10949.988385774303,11017.429092160597,11031.831385740019,11017.667572039123,85.94672489456744,86.18184400603806,86.2367745116519,86.17789492939788,0.008398297671962882,0.00836705333025097,0.008318682439259146,0.00837488675555071,1.6362358709432458e-05,1.6273913881961227e-05,1.6294723151850982e-05,1.626890566967286e-05,0.0040450412494105,0.004034093935688809,0.004036672286903036,0.004033473152219171,-0.026189820682586806,-0.030726058603261934,-0.03184069349241592,-0.030532351022327483,Rook
11045.965378905086,11036.030952366758,11051.92157834203,11039.844205188592,86.21080990518027,86.1491955706236,86.25943524057193,86.17701546113966,0.009615302439192284,0.009457430662701686,0.009529820385736378,0.009553139056464743,1.6037261480072636e-05,1.5973839246127574e-05,1.603096423438727e-05,1.5994011888825078e-05,0.004004654976408409,0.003996728567982516,0.004003868658483601,0.003999251416055894,-0.0208728893527629,-0.01903676011256301,-0.021932765517485152,-0.019661926264342783,Rook
11852.900612650927,11998.485839325815,12132.771398919971,11982.811196014069,91.85155059683574,92.79133625198195,93.41819787256183,92.71196318129623,-0.006524096699388449,-0.0037170641360838143,-0.0021564192226091457,-0.004146938384378066,2.030958756878441e-05,2.111685337565656e-05,2.1747583654001513e-05,2.1106849836051107e-05,0.004506615977513994,0.004595307756359367,0.004663430459865518,0.0045942191758830036,-0.05705322121165394,-0.06226285146206707,-0.06875518950788893,-0.061014716814282416,Rook
10976.170394889697,10969.587386987476,10992.651432649165,10976.572371886992,86.10339648996047,86.00458110118358,86.1051879244553,86.02686502417623,0.007661001835829362,0.007612492401089564,0.007584891226744833,0.0076146319392322165,1.649483275760712e-05,1.6352124221885117e-05,1.638436832700101e-05,1.63485741818524e-05,0.004061383108942952,0.0040437759856210035,0.004047760902894464,0.004043337010669825,-0.02926243116702184,-0.025197620094726883,-0.02768407391438307,-0.02562791282176267,Rook
11598.600616794267,11677.652562873034,11742.717315686206,11675.961516003033,89.98510810228352,90.57188635713095,90.92847459748934,90.56225799338819,-0.00043888922435595415,0.0001259818038696309,0.000811159217676073,0.00018666430549242572,1.925353139402806e-05,1.944256096852687e-05,1.964539154075642e-05,1.9428751991817697e-05,0.004387884614940104,0.0044093719471742085,0.004432312211561412,0.004407805802416629,-0.03620178194259964,-0.03920052061976201,-0.043316067237179325,-0.03886729080903513,Rook
11832.188883746441,11852.373004540103,11946.990367887392,11804.321866460725,91.70069670671239,91.84635753439909,92.39025578118617,91.4833241536103,-0.004503941832832703,-0.0034582568724755144,-0.0009219628674818181,-0.002838462074148653,2.1357648623295234e-05,2.1413714417480215e-05,2.2261444548615847e-05,2.1078044587228983e-05,0.004621433611261254,0.00462749548000646,0.004718203529799859,0.004591083160565596,-0.11050176498792953,-0.11498988341717578,-0.1293620582762188,-0.10815166646669835,Rook
11792.580061443296,11738.174281178224,11827.023020216202,11748.826408200666,91.49673322596351,91.07182293480962,91.65499860143895,91.13690891049478,-0.0016824530475921299,-0.0023216222786552492,-0.001420514270429665,-0.0024060074180281615,2.1022947018353307e-05,2.0374651158207492e-05,2.070262126116151e-05,2.0432671920467938e-05,0.004585078736330851,0.004513828880031618,0.004550013325382851,0.004520251311649379,-0.11853595917759725,-0.10853350528481052,-0.12251896724574235,-0.10572524375800312,Rook
11700.995708847217,11707.756488351662,11852.984547073265,11672.495221417761,90.77815872084379,90.87356236861899,91.7338007130194,90.61497713455628,-0.002110677719783848,-0.001562592699982426,0.00032521038637008863,-0.0012675328448292307,2.0635225544840723e-05,2.0654029296947266e-05,2.1530548886674206e-05,2.0363266854207817e-05,0.004542601187077809,0.00454467042775901,0.004640102249592589,0.004512567656468744,-0.09501751026245875,-0.0984275931555381,-0.11760041196077281,-0.09324211612601774,Rook
12378.397317088018,12413.787533739669,12515.181297284927,12334.201113444511,95.56007902673743,95.6933400790987,96.14426418143641,95.22878235412838,-0.0046696723496628045,-0.008899601865923042,-0.007706211389643852,-0.00890617711927318,2.3740626030196496e-05,2.3532677798957163e-05,2.438026394210461e-05,2.3306410489712605e-05,0.004872435328477588,0.004851049144149868,0.004937637485893898,0.004827671331989431,-0.16097098805792243,-0.16013392549687436,-0.18080433685330136,-0.1534255473426668,Rook
12870.235272329506,12963.095132903974,13219.72291870686,12977.758023928862,98.96471822426128,99.44462105248812,100.43145058947196,99.5415931258045,-0.00906073740159316,-0.01095889010229228,-0.008548395017467089,-0.011110722019130919,2.5104247900447758e-05,2.5051900751315558e-05,2.571437494286648e-05,2.508447312209901e-05,0.005010413945019688,0.005005187384236035,0.005070934326420179,0.005008440188531656,-0.19657795654300406,-0.20107275953523276,-0.24133090110560165,-0.20362373442144785,Rook
10899.258980197148,10913.288335312323,10899.68605499775,10909.051376703383,85.54190922788112,85.59472007041121,85.54560255767088,85.57830366194547,0.010081051722923616,0.010026953142870812,0.010005130370863351,0.01005751425994882,1.5940186164830594e-05,1.592533462489404e-05,1.5945540112954254e-05,1.5929614887821696e-05,0.003992516269826661,0.003990655914119136,0.00399318671150677,0.003991192163730242,-0.011639292758458883,-0.01263899905408105,-0.011656241927485655,-0.012301570774991331,Rook
11255.799937890535,11275.413927859076,11316.161551002257,11280.629687110022,87.99408454109937,88.08710010451436,88.53644764240951,88.1094438988769,0.0017496464652752767,0.0018203270729322749,0.0027481849917692534,0.0018380671183345347,1.8214296552391725e-05,1.824076528906771e-05,1.8804385265012138e-05,1.823116180311986e-05,0.0042678210544013825,0.0042709208947330915,0.004336402341228514,0.004269796459214404,-0.07466893096453489,-0.07435003073448596,-0.09025334827158005,-0.0747804851028913,Rook
11836.415198603736,11713.034766407727,11737.279252739163,11730.700899536036,91.45545516311029,90.84520422376225,90.92134367089773,90.96292238624378,0.004893245654212621,0.002922082591109614,0.002952802214701618,0.0031759679583225984,1.947045840339772e-05,1.9156288317972843e-05,1.9128326216254287e-05,1.9194462935455553e-05,0.0044125342382125175,0.0043767897274112726,0.004373594198854563,0.004381148586324772,-0.04745086344763989,-0.041981208519662735,-0.046438622152216,-0.04209404382378891,Rook
11143.778617304262,11165.36456967587,11171.439217900863,11118.115964294922,86.97201078693679,87.08286574585735,87.16361092171078,86.80281139008082,0.005046944499304352,0.004990731030620082,0.005264215561528793,0.0050111920058789365,1.773950938392605e-05,1.781167486173119e-05,1.8121002295640096e-05,1.7429958048105857e-05,0.004211829695503612,0.004220387998955924,0.004256877059023445,0.004174920124757581,-0.04462186226797165,-0.046910330517319,-0.050772422299883685,-0.03754926393429722,Rook
